,response_mode,id,url,name,serial_number,is_placeholder,image,in_space,time_in_space,time_docked,flights_count,mission_ends_count,status,description,spacecraft_config,fastest_turnaround
0,normal,541,https://lldev.thespacedevs.com/2.3.0/spacecraft/541/,Orion 004,004,False,"{'id': 1919, 'name': 'Orion approaching the Moon (Artemis I)', 'image_url': 'https://thespacedevs-dev.nyc3.digitaloceanspaces.com/media/images/orion_image_20231118102035.jpeg', 'thumbnail_url': 'https://thespacedevs-dev.nyc3.digitaloceanspaces.com/media/images/255bauto255d__image_thumbnail_20240305194133.jpeg', 'credit': 'NASA', 'license': {'id': 4, 'name': 'NASA Image and Media Guidelines', 'priority': 0, 'link': 'https://www.nasa.gov/nasa-brand-center/images-and-media/'}, 'single_use': False, 'variants': []}",False,P0D,P0D,0,0,"{'id': 5, 'name': 'Under construction'}",Orion spacecraft used for Artemis 3.,"{'response_mode': 'normal', 'id': 4, 'url': 'https://lldev.thespacedevs.com/2.3.0/spacecraft_configurations/4/', 'name': 'Orion', 'type': {'id': 2, 'name': 'Capsule'}, 'agency': {'response_mode': 'list', 'id': 44, 'url': 'https://lldev.thespacedevs.com/2.3.0/agencies/44/', 'name': 'National Aeronautics and Space Administration', 'abbrev': 'NASA', 'type': {'id': 1, 'name': 'Government'}}, 'family': [], 'in_use': True, 'image': {'id': 1919, 'name': 'Orion approaching the Moon (Artemis I)', 'image_url': 'https://thespacedevs-dev.nyc3.digitaloceanspaces.com/media/images/orion_image_20231118102035.jpeg', 'thumbnail_url': 'https://thespacedevs-dev.nyc3.digitaloceanspaces.com/media/images/255bauto255d__image_thumbnail_20240305194133.jpeg', 'credit': 'NASA', 'license': {'id': 4, 'name': 'NASA Image and Media Guidelines', 'priority': 0, 'link': 'https://www.nasa.gov/nasa-brand-center/images-and-media/'}, 'single_use': False, 'variants': []}}",
1,normal,290,https://lldev.thespacedevs.com/2.3.0/spacecraft/290/,Starliner 2,2,False,"{'id': 1020, 'name': 'Boeing Starliner in orbit (OFT-2)', 'image_url': 'https://thespacedevs-dev.nyc3.digitaloceanspaces.com/media/images/boeing_starline_image_20220525180700.jpeg', 'thumbnail_url': 'https://thespacedevs-dev.nyc3.digitaloceanspaces.com/media/images/255bauto255d__image_thumbnail_20240305191414.jpeg', 'credit': 'NASA', 'license': {'id': 4, 'name': 'NASA Image and Media Guidelines', 'priority': 0, 'link': 'https://www.nasa.gov/nasa-brand-center/images-and-media/'}, 'single_use': False, 'variants': []}",False,P5DT23H54M13S,P4DT18H8M,1,1,"{'id': 1, 'name': 'Active'}",The second CST-100 Starliner capsule to fly.,"{'response_mode': 'normal', 'id': 9, 'url': 'https://lldev.thespacedevs.com/2.3.0/spacecraft_configurations/9/', 'name': 'CST-100 Starliner', 'type': {'id': 2, 'name': 'Capsule'}, 'agency': {'response_mode': 'list', 'id': 80, 'url': 'https://lldev.thespacedevs.com/2.3.0/agencies/80/', 'name': 'Boeing', 'abbrev': 'BA', 'type': {'id': 3, 'name': 'Commercial'}}, 'family': [], 'in_use': True, 'image': {'id': 1020, 'name': 'Boeing Starliner in orbit (OFT-2)', 'image_url': 'https://thespacedevs-dev.nyc3.digitaloceanspaces.com/media/images/boeing_starline_image_20220525180700.jpeg', 'thumbnail_url': 'https://thespacedevs-dev.nyc3.digitaloceanspaces.com/media/images/255bauto255d__image_thumbnail_20240305191414.jpeg', 'credit': 'NASA', 'license': {'id': 4, 'name': 'NASA Image and Media Guidelines', 'priority': 0, 'link': 'https://www.nasa.gov/nasa-brand-center/images-and-media/'}, 'single_use': False, 'variants': []}}",
2,normal,540,https://lldev.thespacedevs.com/2.3.0/spacecraft/540/,Orion Integrity,003,False,"{'id': 1919, 'name': 'Orion approaching the Moon (Artemis I)', 'image_url': 'https://thespacedevs-dev.nyc3.digitaloceanspaces.com/media/images/orion_image_20231118102035.jpeg', 'thumbnail_url': 'https://thespacedevs-dev.nyc3.digitaloceanspaces.com/media/images/255bauto255d__image_thumbnail_20240305194133.jpeg', 'credit': 'NASA', 'license': {'id': 4, 'name': 'NASA Image and Media Guidelines', 'priority': 0, 'link': 'https://www.nasa.gov/nasa-brand-center/images-and-media/'}, 'single_use': False, 'variants': []}",False,P9DT1H32M15S,P0D,1,1,"{'id': 1, 'name': 'Active'}",Orion spacecraft used for Artemis 2.,"{'response_mode': 'normal', 'id': 4, 'url': 'https://lldev.thespacedevs.com/2.3.0/spacecraft_configurations/4/', 'name': 'Orion', 'type': {'id': 2, 'name': 'Capsule'}, 'agency': {'response_mode': 'list', 'id': 44, 'url': 'https://lldev.thespacedevs.com/2.3.0/agencies/44/', 'name': 'National Aeronautics and Space Administration', 'abbrev': 'NASA', 'type': {'id': 1, 'name': 'Government'}}, 'family': [], 'in_use': True, 'image': {'id': 1919, 'name': 'Orion approaching the Moon (Artemis I)', 'image_url': 'https://thespacedevs-dev.nyc3.digitaloceanspaces.com/media/images/orion_image_20231118102035.jpeg', 'thumbnail_url': 'https://thespacedevs-dev.nyc3.digitaloceanspaces.com/media/images/255bauto255d__image_thumbnail_20240305194133.jpeg', 'credit': 'NASA', 'license': {'id': 4, 'name': 'NASA Image and Media Guidelines', 'priority': 0, 'link': 'https://www.nasa.gov/nasa-brand-center/images-and-media/'}, 'single_use': False, 'variants': []}}",
3,normal,447,https://lldev.thespacedevs.com/2.3.0/spacecraft/447/,Dream Chaser Tenacity,,False,"{'id': 1913, 'name': 'Dream Chaser Eagle on the runway', 'image_url': 'https://thespacedevs-dev.nyc3.digitaloceanspaces.com/media/images/dream_chaser_image_20200821084247.jpeg', 'thumbnail_url': 'https://thespacedevs-dev.nyc3.digitaloceanspaces.com/media/images/255bauto255d__image_thumbnail_20240305194124.jpeg', 'credit': 'NASA/Ken Ulbrich', 'license': {'id': 4, 'name': 'NASA Image and Media Guidelines', 'priority': 0, 'link': 'https://www.nasa.gov/nasa-brand-center/images-and-media/'}, 'single_use': False, 'variants': []}",False,P0D,P0D,0,0,"{'id': 1, 'name': 'Active'}",First operational Dream Chaser.,"{'response_mode': 'normal', 'id': 24, 'url': 'https://lldev.thespacedevs.com/2.3.0/spacecraft_configurations/24/', 'name': 'Dream Chaser', 'type': {'id': 3, 'name': 'Spaceplane'}, 'agency': {'response_mode': 'list', 'id': 1020, 'url': 'https://lldev.thespacedevs.com/2.3.0/agencies/1020/', 'name': 'Sierra Nevada Corporation', 'abbrev': 'SNC', 'type': {'id': 3, 'name': 'Commercial'}}, 'family': [], 'in_use': True, 'image': {'id': 1913, 'name': 'Dream Chaser Eagle on the runway', 'image_url': 'https://thespacedevs-dev.nyc3.digitaloceanspaces.com/media/images/dream_chaser_image_20200821084247.jpeg', 'thumbnail_url': 'https://thespacedevs-dev.nyc3.digitaloceanspaces.com/media/images/255bauto255d__image_thumbnail_20240305194124.jpeg', 'credit': 'NASA/Ken Ulbrich', 'license': {'id': 4, 'name': 'NASA Image and Media Guidelines', 'priority': 0, 'link': 'https://www.nasa.gov/nasa-brand-center/images-and-media/'}, 'single_use': False, 'variants': []}}",
4,normal,548,https://lldev.thespacedevs.com/2.3.0/spacecraft/548/,Gaganyaan G2,,False,"{'id': 1914, 'name': '[AUTO] Gaganyaan - image', 'image_url': 'https://thespacedevs-dev.nyc3.digitaloceanspaces.com/media/images/gaganyaan_image_20231021132705.jpeg', 'thumbnail_url': 'https://thespacedevs-dev.nyc3.digitaloceanspaces.com/media/images/255bauto255d__image_thumbnail_20240305194125.jpeg', 'credit': None, 'license': {'id': 1, 'name': 'Unknown', 'priority': 9, 'link': None}, 'single_use': True, 'variants': []}",False,P0D,P0D,0,0,"{'id': 4, 'name': 'Single Use'}",Second operational Gaganyaan capsule.,"{'response_mode': 'normal', 'id': 29, 'url': 'https://lldev.thespacedevs.com/2.3.0/spacecraft_configurations/29/', 'name': 'Gaganyaan', 'type': {'id': 2, 'name': 'Capsule'}, 'agency': {'response_mode': 'list', 'id': 1031, 'url': 'https://lldev.thespacedevs.com/2.3.0/agencies/1031/', 'name': 'Hindustan Aeronautics Limited', 'abbrev': 'HAL', 'type': {'id': 1, 'name': 'Government'}}, 'family': [], 'in_use': True, 'image': {'id': 1914, 'name': '[AUTO] Gaganyaan - image', 'image_url': 'https://thespacedevs-dev.nyc3.digitaloceanspaces.com/media/images/gaganyaan_image_20231021132705.jpeg', 'thumbnail_url': 'https://thespacedevs-dev.nyc3.digitaloceanspaces.com/media/images/255bauto255d__image_thumbnail_20240305194125.jpeg', 'credit': None, 'license': {'id': 1, 'name': 'Unknown', 'priority': 9, 'link': None}, 'single_use': True, 'variants': []}}",
5,normal,549,https://lldev.thespacedevs.com/2.3.0/spacecraft/549/,Gaganyaan H1,,False,"{'id': 1914, 'name': '[AUTO] Gaganyaan - image', 'image_url': 'https://thespacedevs-dev.nyc3.digitaloceanspaces.com/media/images/gaganyaan_image_20231021132705.jpeg', 'thumbnail_url': 'https://thespacedevs-dev.nyc3.digitaloceanspaces.com/media/images/255bauto255d__image_thumbnail_20240305194125.jpeg', 'credit': None, 'license': {'id': 1, 'name': 'Unknown', 'priority': 9, 'link': None}, 'single_use': True, 'variants': []}",False,P0D,P0D,0,0,"{'id': 4, 'name': 'Single Use'}",Fourth operational Gaganyaan capsule. First one to carry crew.,"{'response_mode': 'normal', 'id': 29, 'url': 'https://lldev.thespacedevs.com/2.3.0/spacecraft_configurations/29/', 'name': 'Gaganyaan', 'type': {'id': 2, 'name': 'Capsule'}, 'agency': {'response_mode': 'list', 'id': 1031, 'url': 'https://lldev.thespacedevs.com/2.3.0/agencies/1031/', 'name': 'Hindustan Aeronautics Limited', 'abbrev': 'HAL', 'type': {'id': 1, 'name': 'Government'}}, 'family': [], 'in_use': True, 'image': {'id': 1914, 'name': '[AUTO] Gaganyaan - image', 'image_url': 'https://thespacedevs-dev.nyc3.digitaloceanspaces.com/media/images/gaganyaan_image_20231021132705.jpeg', 'thumbnail_url': 'https://thespacedevs-dev.nyc3.digitaloceanspaces.com/media/images/255bauto255d__image_thumbnail_20240305194125.jpeg', 'credit': None, 'license': {'id': 1, 'name': 'Unknown', 'priority': 9, 'link': None}, 'single_use': True, 'variants': []}}",
6,normal,547,https://lldev.thespacedevs.com/2.3.0/spacecraft/547/,Gaganyaan G1,,False,"{'id': 1914, 'name': '[AUTO] Gaganyaan - image', 'image_url': 'https://thespacedevs-dev.nyc3.digitaloceanspaces.com/media/images/gaganyaan_image_20231021132705.jpeg', 'thumbnail_url': 'https://thespacedevs-dev.nyc3.digitaloceanspaces.com/media/images/255bauto255d__image_thumbnail_20240305194125.jpeg', 'credit': None, 'license': {'id': 1, 'name': 'Unknown', 'priority': 9, 'link': None}, 'single_use': True, 'variants': []}",False,P0D,P0D,0,0,"{'id': 4, 'name': 'Single Use'}",First operational Gaganyaan capsule.,"{'response_mode': 'normal', 'id': 29, 'url': 'https://lldev.thespacedevs.com/2.3.0/spacecraft_configurations/29/', 'name': 'Gaganyaan', 'type': {'id': 2, 'name': 'Capsule'}, 'agency': {'response_mode': 'list', 'id': 1031, 'url': 'https://lldev.thespacedevs.com/2.3.0/agencies/1031/', 'name': 'Hindustan Aeronautics Limited', 'abbrev': 'HAL', 'type': {'id': 1, 'name': 'Government'}}, 'family': [], 'in_use': True, 'image': {'id': 1914, 'name': '[AUTO] Gaganyaan - image', 'image_url': 'https://thespacedevs-dev.nyc3.digitaloceanspaces.com/media/images/gaganyaan_image_20231021132705.jpeg', 'thumbnail_url': 'https://thespacedevs-dev.nyc3.digitaloceanspaces.com/media/images/255bauto255d__image_thumbnail_20240305194125.jpeg', 'credit': None, 'license': {'id': 1, 'name': 'Unknown', 'priority': 9, 'link': None}, 'single_use': True, 'variants': []}}",
7,normal,558,https://lldev.thespacedevs.com/2.3.0/spacecraft/558/,X-37B 1,1,False,"{'id': 1940, 'name': '[AUTO] X-37B - image', 'image_url': 'https://thespacedevs-dev.nyc3.digitaloceanspaces.com/media/images/x-37b_image_20221113134355.jpeg', 'thumbnail_url': 'https://thespacedevs-dev.nyc3.digitaloceanspaces.com/media/images/255bauto255d__image_thumbnail_20240305194208.jpeg', 'credit': None, 'license': {'id': 1, 'name': 'Unknown', 'priority': 9, 'link': None}, 'single_use': True, 'variants': []}",True,P2139DT2H45M34S,P0D,4,3,"{'id': 1, 'name': 'Active'}","First X-37B. First flight on April 22, 2010.","{'response_mode': 'normal', 'id': 30, 'url': 'https://lldev.thespacedevs.com/2.3.0/spacecraft_configurations/30/', 'name': 'X-37B', 'type': {'id': 3, 'name': 'Spaceplane'}, 'agency': {'response_mode': 'list', 'id': 80, 'url': 'https://lldev.thespacedevs.com/2.3.0/agencies/80/', 'name': 'Boeing', 'abbrev': 'BA', 'type': {'id': 3, 'name': 'Commercial'}}, 'family': [], 'in_use': True, 'image': {'id': 1940, 'name': '[AUTO] X-37B - image', 'image_url': 'https://thespacedevs-dev.nyc3.digitaloceanspaces.com/media/images/x-37b_image_20221113134355.jpeg', 'thumbnail_url': 'https://thespacedevs-dev.nyc3.digitaloceanspaces.com/media/images/255bauto255d__image_thumbnail_20240305194208.jpeg', 'credit': None, 'license': {'id': 1, 'name': 'Unknown', 'priority': 9, 'link': None}, 'single_use': True, 'variants': []}}",P739DT8H47M
8,normal,452,https://lldev.thespacedevs.com/2.3.0/spacecraft/452/,Crew Dragon,TBD,True,"{'id': 1181, 'name': 'Crew Dragon docking', 'image_url': 'https://thespacedevs-dev.nyc3.digitaloceanspaces.com/media/images/spacex_dm-2_cre_image_20200504065311.jpeg', 'thumbnail_url': 'https://thespacedevs-dev.nyc3.digitaloceanspaces.com/media/images/255bauto255d__image_thumbnail_20240305191923.jpeg', 'credit': 'NASA', 'license': {'id': 4, 'name': 'NASA Image and Media Guidelines', 'priority': 0, 'link': 'https://www.nasa.gov/nasa-brand-center/images-and-media/'}, 'single_use': False, 'variants': []}",False,P0D,P0D,0,0,"{'id': 1, 'name': 'Active'}",The specific spacecraft for this launch is currently unknown.,"{'response_mode': 'normal', 'id': 6, 'url': 'https://lldev.thespacedevs.com/2.3.0/spacecraft_configurations/6/', 'name': 'Crew Dragon 2', 'type': {'id': 2, 'name': 'Capsule'}, 'agency': {'response_mode': 'list', 'id': 121, 'url': 'https://lldev.thespacedevs.com/2.3.0/agencies/121/', 'name': 'SpaceX', 'abbrev': 'SpX', 'type': {'id': 3, 'name': 'Commercial'}}, 'family': [{'response_mode': 'normal', 'id': 6, 'name': 'Dragon', 'description': 'Dragon is a family of spacecraft developed and produced by American private space transportation company SpaceX.', 'manufacturer': {'response_mode': 'list', 'id': 121, 'url': 'https://lldev.thespacedevs.com/2.3.0/agencies/121/', 'name': 'SpaceX', 'abbrev': 'SpX', 'type': {'id': 3, 'name': 'Commercial'}}, 'parent': None, 'maiden_flight': '2010-12-08'}, {'response_mode': 'normal', 'id': 7, 'name': 'Dragon 2', 'description': 'Dragon 2 is a family of spacecraft developed and produced by American private space transportation company SpaceX. It was redesigned for human spaceflight, and is capable of docking to the ISS.', 'manufacturer': {'response_mode': 'list', 'id': 121, 'url': 'https://lldev.thespacedevs.com/2.3.0/agencies/121/', 'name': 'SpaceX', 'abbrev': 'SpX', 'type': {'id': 3, 'name': 'Commercial'}}, 'parent': {'response_mode': 'list', 'id': 6, 'name': 'Dragon'}, 'maiden_flight': '2019-03-02'}], 'in_use': True, 'image': {'id': 1181, 'name': 'Crew Dragon docking', 'image_url': 'https://thespacedevs-dev.nyc3.digitaloceanspaces.com/media/images/spacex_dm-2_cre_image_20200504065311.jpeg', 'thumbnail_url': 'https://thespacedevs-dev.nyc3.digitaloceanspaces.com/media/images/255bauto255d__image_thumbnail_20240305191923.jpeg', 'credit': 'NASA', 'license': {'id': 4, 'name': 'NASA Image and Media Guidelines', 'priority': 0, 'link': 'https://www.nasa.gov/nasa-brand-center/images-and-media/'}, 'single_use': False, 'variants': []}}",
9,normal,612,https://lldev.thespacedevs.com/2.3.0/spacecraft/612/,Soyuz MS-28,11F732 #759,False,"{'id': 967, 'name': 'Soyuz MS in orbit (MS-19)', 'image_url': 'https://thespacedevs-dev.nyc3.digitaloceanspaces.com/media/images/soyuz_ms_in_orb_image_20240313130407.jpeg', 'thumbnail_url': 'https://thespacedevs-dev.nyc3.digitaloceanspaces.com/media/images/soyuz_ms_in_orb_image_thumbnail_20240313130407.jpeg', 'credit': 'ESA/NASA/T. Pesquet', 'license': {'id': 2, 'name': 'ESA Standard Licence', 'priority': 2, 'link': 'https://www.esa.int/ESA_Multimedia/Terms_and_conditions_of_use_of_images_and_videos_available_on_the_esa_website'}, 'single_use': False, 'variants': []}",True,P233DT16H14M49S,P233DT13H8M46S,1,0,"{'id': 1, 'name': 'Active'}",Soyuz capsule for the MS-28 mission to the ISS.,"{'response_mode': 'normal', 'id': 38, 'url': 'https://lldev.thespacedevs.com/2.3.0/spacecraft_configurations/38/', 'name': 'Soyuz MS', 'type': {'id': 2, 'name': 'Capsule'}, 'agency': {'response_mode': 'list', 'id': 63, 'url': 'https://lldev.thespacedevs.com/2.3.0/agencies/63/', 'name': 'Russian Federal Space Agency (ROSCOSMOS)', 'abbrev': 'RFSA', 'type': {'id': 1, 'name': 'Government'}}, 'family': [{'response_mode': 'normal', 'id': 1, 'name': 'Soyuz', 'description': 'Soyuz is a series of spacecraft which has been in service since the 1960s, having made more than 140 flights. It was designed for the Soviet space program by the Korolev Design Bureau (now Energia).', 'manufacturer': {'response_mode': 'list', 'id': 1000, 'url': 'https://lldev.thespacedevs.com/2.3.0/agencies/1000/', 'name': 'Energia', 'abbrev': 'OKB-1', 'type': {'id': 1, 'name': 'Government'}}, 'parent': None, 'maiden_flight': '1966-11-28'}], 'in_use': True, 'image': {'id': 967, 'name': 'Soyuz MS in orbit (MS-19)', 'image_url': 'https://thespacedevs-dev.nyc3.digitaloceanspaces.com/media/images/soyuz_ms_in_orb_image_20240313130407.jpeg', 'thumbnail_url': 'https://thespacedevs-dev.nyc3.digitaloceanspaces.com/media/images/soyuz_ms_in_orb_image_thumbnail_20240313130407.jpeg', 'credit': 'ESA/NASA/T. Pesquet', 'license': {'id': 2, 'name': 'ESA Standard Licence', 'priority': 2, 'link': 'https://www.esa.int/ESA_Multimedia/Terms_and_conditions_of_use_of_images_and_videos_available_on_the_esa_website'}, 'single_use': False, 'variants': []}}",
10,normal,622,https://lldev.thespacedevs.com/2.3.0/spacecraft/622/,Progress MS-32,MS-32 (No.462),False,"{'id': 1924, 'name': '[AUTO] Progress-MS - image', 'image_url': 'https://thespacedevs-dev.nyc3.digitaloceanspaces.com/media/images/progress-ms_image_20231219150735.jpeg', 'thumbnail_url': 'https://thespacedevs-dev.nyc3.digitaloceanspaces.com/media/images/255bauto255d__image_thumbnail_20240305194142.jpeg', 'credit': None, 'license': {'id': 1, 'name': 'Unknown', 'priority': 9, 'link': None}, 'single_use': True, 'variants': []}",False,P221DT10H10M54S,P219DT4H45M,1,1,"{'id': 4, 'name': 'Single Use'}",Progress MS-32 is a Progress spacecraft used by Roscosmos to resupply the International Space Station (ISS).,"{'response_mode': 'normal', 'id': 33, 'url': 'https://lldev.thespacedevs.com/2.3.0/spacecraft_configurations/33/', 'name': 'Progress-MS', 'type': {'id': 4, 'name': 'Cargo Resupply'}, 'agency': {'response_mode': 'list', 'id': 63, 'url': 'https://lldev.thespacedevs.com/2.3.0/agencies/63/', 'name': 'Russian Federal Space Agency (ROSCOSMOS)', 'abbrev': 'RFSA', 'type': {'id': 1, 'name': 'Government'}}, 'family': [{'response_mode': 'normal', 'id': 2, 'name': 'Progress', 'description': 'The Progress is a Russian expendable cargo spacecraft. Its purpose is to deliver the supplies needed to sustain a human presence in orbit.', 'manufacturer': {'response_mode': 'list', 'id': 1000, 'url': 'https://lldev.thespacedevs.com/2.3.0/agencies/1000/', 'name': 'Energia', 'abbrev': 'OKB-1', 'type': {'id': 1, 'name': 'Government'}}, 'parent': None, 'maiden_flight': '1978-01-20'}], 'in_use': True, 'image': {'id': 1924, 'name': '[AUTO] Progress-MS - image', 'image_url': 'https://thespacedevs-dev.nyc3.digitaloceanspaces.com/media/images/progress-ms_image_20231219150735.jpeg', 'thumbnail_url': 'https://thespacedevs-dev.nyc3.digitaloceanspaces.com/media/images/255bauto255d__image_thumbnail_20240305194142.jpeg', 'credit': None, 'license': {'id': 1, 'name': 'Unknown', 'priority': 9, 'link': None}, 'single_use': True, 'variants': []}}",
11,normal,610,https://lldev.thespacedevs.com/2.3.0/spacecraft/610/,Shenzhou 21,21,False,"{'id': 1926, 'name': '[AUTO] Shenzhou - image', 'image_url': 'https://thespacedevs-dev.nyc3.digitaloceanspaces.com/media/images/shenzhou_image_20190207032522.jpeg', 'thumbnail_url': 'https://thespacedevs-dev.nyc3.digitaloceanspaces.com/media/images/255bauto255d__image_thumbnail_20240305194145.jpeg', 'credit': None, 'license': {'id': 1, 'name': 'Unknown', 'priority': 9, 'link': None}, 'single_use': True, 'variants': []}",False,P13DT16H55M14S,P13DT7H52M,1,1,"{'id': 4, 'name': 'Single Use'}",Spacecraft used to launch 3 astronauts on the 10th crewed mission to the Chinese Space Station.,"{'response_mode': 'normal', 'id': 2, 'url': 'https://lldev.thespacedevs.com/2.3.0/spacecraft_configurations/2/', 'name': 'Shenzhou', 'type': {'id': 2, 'name': 'Capsule'}, 'agency': {'response_mode': 'list', 'id': 17, 'url': 'https://lldev.thespacedevs.com/2.3.0/agencies/17/', 'name': 'China National Space Administration', 'abbrev': 'CNSA', 'type': {'id': 1, 'name': 'Government'}}, 'family': [], 'in_use': True, 'image': {'id': 1926, 'name': '[AUTO] Shenzhou - image', 'image_url': 'https://thespacedevs-dev.nyc3.digitaloceanspaces.com/media/images/shenzhou_image_20190207032522.jpeg', 'thumbnail_url': 'https://thespacedevs-dev.nyc3.digitaloceanspaces.com/media/images/255bauto255d__image_thumbnail_20240305194145.jpeg', 'credit': None, 'license': {'id': 1, 'name': 'Unknown', 'priority': 9, 'link': None}, 'single_use': True, 'variants': []}}",
12,normal,569,https://lldev.thespacedevs.com/2.3.0/spacecraft/569/,Cargo Dragon,TBD,True,"{'id': 1086, 'name': 'Cargo Dragon docking', 'image_url': 'https://thespacedevs-dev.nyc3.digitaloceanspaces.com/media/images/crs-28_dragon_d_image_20230530191602.jpeg', 'thumbnail_url': 'https://thespacedevs-dev.nyc3.digitaloceanspaces.com/media/images/255bauto255d__image_thumbnail_20240305191606.jpeg', 'credit': 'NASA', 'license': {'id': 4, 'name': 'NASA Image and Media Guidelines', 'priority': 0, 'link': 'https://www.nasa.gov/nasa-brand-center/images-and-media/'}, 'single_use': False, 'variants': []}",False,P0D,P0D,0,0,"{'id': 1, 'name': 'Active'}",The specific spacecraft for this launch is currently unknown.,"{'response_mode': 'normal', 'id': 7, 'url': 'https://lldev.thespacedevs.com/2.3.0/spacecraft_configurations/7/', 'name': 'Cargo Dragon 2', 'type': {'id': 2, 'name': 'Capsule'}, 'agency': {'response_mode': 'list', 'id': 121, 'url': 'https://lldev.thespacedevs.com/2.3.0/agencies/121/', 'name': 'SpaceX', 'abbrev': 'SpX', 'type': {'id': 3, 'name': 'Commercial'}}, 'family': [{'response_mode': 'normal', 'id': 6, 'name': 'Dragon', 'description': 'Dragon is a family of spacecraft developed and produced by American private space transportation company SpaceX.', 'manufacturer': {'response_mode': 'list', 'id': 121, 'url': 'https://lldev.thespacedevs.com/2.3.0/agencies/121/', 'name': 'SpaceX', 'abbrev': 'SpX', 'type': {'id': 3, 'name': 'Commercial'}}, 'parent': None, 'maiden_flight': '2010-12-08'}, {'response_mode': 'normal', 'id': 7, 'name': 'Dragon 2', 'description': 'Dragon 2 is a family of spacecraft developed and produced by American private space transportation company SpaceX. It was redesigned for human spaceflight, and is capable of docking to the ISS.', 'manufacturer': {'response_mode': 'list', 'id': 121, 'url': 'https://lldev.thespacedevs.com/2.3.0/agencies/121/', 'name': 'SpaceX', 'abbrev': 'SpX', 'type': {'id': 3, 'name': 'Commercial'}}, 'parent': {'response_mode': 'list', 'id': 6, 'name': 'Dragon'}, 'maiden_flight': '2019-03-02'}], 'in_use': True, 'image': {'id': 1086, 'name': 'Cargo Dragon docking', 'image_url': 'https://thespacedevs-dev.nyc3.digitaloceanspaces.com/media/images/crs-28_dragon_d_image_20230530191602.jpeg', 'thumbnail_url': 'https://thespacedevs-dev.nyc3.digitaloceanspaces.com/media/images/255bauto255d__image_thumbnail_20240305191606.jpeg', 'credit': 'NASA', 'license': {'id': 4, 'name': 'NASA Image and Media Guidelines', 'priority': 0, 'link': 'https://www.nasa.gov/nasa-brand-center/images-and-media/'}, 'single_use': False, 'variants': []}}",
13,normal,613,https://lldev.thespacedevs.com/2.3.0/spacecraft/613/,Gaganyaan G3,,False,"{'id': 1914, 'name': '[AUTO] Gaganyaan - image', 'image_url': 'https://thespacedevs-dev.nyc3.digitaloceanspaces.com/media/images/gaganyaan_image_20231021132705.jpeg', 'thumbnail_url': 'https://thespacedevs-dev.nyc3.digitaloceanspaces.com/media/images/255bauto255d__image_thumbnail_20240305194125.jpeg', 'credit': None, 'license': {'id': 1, 'name': 'Unknown', 'priority': 9, 'link': None}, 'single_use': True, 'variants': []}",False,P0D,P0D,0,0,"{'id': 4, 'name': 'Single Use'}",Third operational Gaganyaan capsule.,"{'response_mode': 'normal', 'id': 29, 'url': 'https://lldev.thespacedevs.com/2.3.0/spacecraft_configurations/29/', 'name': 'Gaganyaan', 'type': {'id': 2, 'name': 'Capsule'}, 'agency': {'response_mode': 'list', 'id': 1031, 'url': 'https://lldev.thespacedevs.com/2.3.0/agencies/1031/', 'name': 'Hindustan Aeronautics Limited', 'abbrev': 'HAL', 'type': {'id': 1, 'name': 'Government'}}, 'family': [], 'in_use': True, 'image': {'id': 1914, 'name': '[AUTO] Gaganyaan - image', 'image_url': 'https://thespacedevs-dev.nyc3.digitaloceanspaces.com/media/images/gaganyaan_image_20231021132705.jpeg', 'thumbnail_url': 'https://thespacedevs-dev.nyc3.digitaloceanspaces.com/media/images/255bauto255d__image_thumbnail_20240305194125.jpeg', 'credit': None, 'license': {'id': 1, 'name': 'Unknown', 'priority': 9, 'link': None}, 'single_use': True, 'variants': []}}",
14,normal,289,https://lldev.thespacedevs.com/2.3.0/spacecraft/289/,Crew Dragon Endeavour,C206,False,"{'id': 1181, 'name': 'Crew Dragon docking', 'image_url': 'https://thespacedevs-dev.nyc3.digitaloceanspaces.com/media/images/spacex_dm-2_cre_image_20200504065311.jpeg', 'thumbnail_url': 'https://thespacedevs-dev.nyc3.digitaloceanspaces.com/media/images/255bauto255d__image_thumbnail_20240305191923.jpeg', 'credit': 'NASA', 'license': {'id': 4, 'name': 'NASA Image and Media Guidelines', 'priority': 0, 'link': 'https://www.nasa.gov/nasa-brand-center/images-and-media/'}, 'single_use': False, 'variants': []}",False,P868DT14H14M29S,P858DT15H30M4S,6,6,"{'id': 1, 'name': 'Active'}",Crew Dragon 6 is the Crew Dragon spacecraft launched on the SpaceX DM-2 demonstration mission to the ISS.,"{'response_mode': 'normal', 'id': 6, 'url': 'https://lldev.thespacedevs.com/2.3.0/spacecraft_configurations/6/', 'name': 'Crew Dragon 2', 'type': {'id': 2, 'name': 'Capsule'}, 'agency': {'response_mode': 'list', 'id': 121, 'url': 'https://lldev.thespacedevs.com/2.3.0/agencies/121/', 'name': 'SpaceX', 'abbrev': 'SpX', 'type': {'id': 3, 'name': 'Commercial'}}, 'family': [{'response_mode': 'normal', 'id': 6, 'name': 'Dragon', 'description': 'Dragon is a family of spacecraft developed and produced by American private space transportation company SpaceX.', 'manufacturer': {'response_mode': 'list', 'id': 121, 'url': 'https://lldev.thespacedevs.com/2.3.0/agencies/121/', 'name': 'SpaceX', 'abbrev': 'SpX', 'type': {'id': 3, 'name': 'Commercial'}}, 'parent': None, 'maiden_flight': '2010-12-08'}, {'response_mode': 'normal', 'id': 7, 'name': 'Dragon 2', 'description': 'Dragon 2 is a family of spacecraft developed and produced by American private space transportation company SpaceX. It was redesigned for human spaceflight, and is capable of docking to the ISS.', 'manufacturer': {'response_mode': 'list', 'id': 121, 'url': 'https://lldev.thespacedevs.com/2.3.0/agencies/121/', 'name': 'SpaceX', 'abbrev': 'SpX', 'type': {'id': 3, 'name': 'Commercial'}}, 'parent': {'response_mode': 'list', 'id': 6, 'name': 'Dragon'}, 'maiden_flight': '2019-03-02'}], 'in_use': True, 'image': {'id': 1181, 'name': 'Crew Dragon docking', 'image_url': 'https://thespacedevs-dev.nyc3.digitaloceanspaces.com/media/images/spacex_dm-2_cre_image_20200504065311.jpeg', 'thumbnail_url': 'https://thespacedevs-dev.nyc3.digitaloceanspaces.com/media/images/255bauto255d__image_thumbnail_20240305191923.jpeg', 'credit': 'NASA', 'license': {'id': 4, 'name': 'NASA Image and Media Guidelines', 'priority': 0, 'link': 'https://www.nasa.gov/nasa-brand-center/images-and-media/'}, 'single_use': False, 'variants': []}}",P150DT11H44M11S
15,normal,554,https://lldev.thespacedevs.com/2.3.0/spacecraft/554/,Cargo Dragon C211,C211,False,"{'id': 1086, 'name': 'Cargo Dragon docking', 'image_url': 'https://thespacedevs-dev.nyc3.digitaloceanspaces.com/media/images/crs-28_dragon_d_image_20230530191602.jpeg', 'thumbnail_url': 'https://thespacedevs-dev.nyc3.digitaloceanspaces.com/media/images/255bauto255d__image_thumbnail_20240305191606.jpeg', 'credit': 'NASA', 'license': {'id': 4, 'name': 'NASA Image and Media Guidelines', 'priority': 0, 'link': 'https://www.nasa.gov/nasa-brand-center/images-and-media/'}, 'single_use': False, 'variants': []}",False,P275DT8H1M27S,P269DT2H24M,3,3,"{'id': 1, 'name': 'Active'}",Third Cargo Dragon 2,"{'response_mode': 'normal', 'id': 7, 'url': 'https://lldev.thespacedevs.com/2.3.0/spacecraft_configurations/7/', 'name': 'Cargo Dragon 2', 'type': {'id': 2, 'name': 'Capsule'}, 'agency': {'response_mode': 'list', 'id': 121, 'url': 'https://lldev.thespacedevs.com/2.3.0/agencies/121/', 'name': 'SpaceX', 'abbrev': 'SpX', 'type': {'id': 3, 'name': 'Commercial'}}, 'family': [{'response_mode': 'normal', 'id': 6, 'name': 'Dragon', 'description': 'Dragon is a family of spacecraft developed and produced by American private space transportation company SpaceX.', 'manufacturer': {'response_mode': 'list', 'id': 121, 'url': 'https://lldev.thespacedevs.com/2.3.0/agencies/121/', 'name': 'SpaceX', 'abbrev': 'SpX', 'type': {'id': 3, 'name': 'Commercial'}}, 'parent': None, 'maiden_flight': '2010-12-08'}, {'response_mode': 'normal', 'id': 7, 'name': 'Dragon 2', 'description': 'Dragon 2 is a family of spacecraft developed and produced by American private space transportation company SpaceX. It was redesigned for human spaceflight, and is capable of docking to the ISS.', 'manufacturer': {'response_mode': 'list', 'id': 121, 'url': 'https://lldev.thespacedevs.com/2.3.0/agencies/121/', 'name': 'SpaceX', 'abbrev': 'SpX', 'type': {'id': 3, 'name': 'Commercial'}}, 'parent': {'response_mode': 'list', 'id': 6, 'name': 'Dragon'}, 'maiden_flight': '2019-03-02'}], 'in_use': True, 'image': {'id': 1086, 'name': 'Cargo Dragon docking', 'image_url': 'https://thespacedevs-dev.nyc3.digitaloceanspaces.com/media/images/crs-28_dragon_d_image_20230530191602.jpeg', 'thumbnail_url': 'https://thespacedevs-dev.nyc3.digitaloceanspaces.com/media/images/255bauto255d__image_thumbnail_20240305191606.jpeg', 'credit': 'NASA', 'license': {'id': 4, 'name': 'NASA Image and Media Guidelines', 'priority': 0, 'link': 'https://www.nasa.gov/nasa-brand-center/images-and-media/'}, 'single_use': False, 'variants': []}}",P302DT15H9M14S
16,normal,619,https://lldev.thespacedevs.com/2.3.0/spacecraft/619/,Cygnus CRS NG-23 (S.S. William “Willie” C. McCool),,False,"{'id': 1910, 'name': 'Cygnus Enhanced', 'image_url': 'https://thespacedevs-dev.nyc3.digitaloceanspaces.com/media/images/cygnus2520enhanced_image_20190207032513.jpeg', 'thumbnail_url': 'https://thespacedevs-dev.nyc3.digitaloceanspaces.com/media/images/255bauto255d__image_thumbnail_20240305194119.jpeg', 'credit': None, 'license': {'id': 1, 'name': 'Unknown', 'priority': 9, 'link': None}, 'single_use': False, 'variants': []}",False,P180DT23H49M12S,P174DT23H42M,1,1,"{'id': 4, 'name': 'Single Use'}",This is the twenty-second flight to the ISS by the Cygnus spacecraft under the CRS program and their eleventh under the CRS-2 program. This is also the 18th use of the enhanced size Cygnus.,"{'response_mode': 'normal', 'id': 19, 'url': 'https://lldev.thespacedevs.com/2.3.0/spacecraft_configurations/19/', 'name': 'Cygnus Enhanced', 'type': {'id': 4, 'name': 'Cargo Resupply'}, 'agency': {'response_mode': 'list', 'id': 257, 'url': 'https://lldev.thespacedevs.com/2.3.0/agencies/257/', 'name': 'Northrop Grumman Space Systems', 'abbrev': 'NGSS', 'type': {'id': 3, 'name': 'Commercial'}}, 'family': [{'response_mode': 'normal', 'id': 3, 'name': 'Cygnus', 'description': ""Cygnus is an expendable American cargo spacecraft developed by Orbital Sciences Corporation but manufactured and launched by Northrop Grumman Space Systems as part of NASA's Commercial Resupply Services (CRS) program"", 'manufacturer': {'response_mode': 'list', 'id': 257, 'url': 'https://lldev.thespacedevs.com/2.3.0/agencies/257/', 'name': 'Northrop Grumman Space Systems', 'abbrev': 'NGSS', 'type': {'id': 3, 'name': 'Commercial'}}, 'parent': None, 'maiden_flight': '2013-09-18'}], 'in_use': True, 'image': {'id': 1910, 'name': 'Cygnus Enhanced', 'image_url': 'https://thespacedevs-dev.nyc3.digitaloceanspaces.com/media/images/cygnus2520enhanced_image_20190207032513.jpeg', 'thumbnail_url': 'https://thespacedevs-dev.nyc3.digitaloceanspaces.com/media/images/255bauto255d__image_thumbnail_20240305194119.jpeg', 'credit': None, 'license': {'id': 1, 'name': 'Unknown', 'priority': 9, 'link': None}, 'single_use': False, 'variants': []}}",
17,normal,620,https://lldev.thespacedevs.com/2.3.0/spacecraft/620/,Ship 38,S38,False,"{'id': 2438, 'name': 'Starship during stacking operations (Flight 10)', 'image_url': 'https://thespacedevs-dev.nyc3.digitaloceanspaces.com/media/images/starship_during_image_20250824175325.jpg', 'thumbnail_url': 'https://thespacedevs-dev.nyc3.digitaloceanspaces.com/media/images/starship_during_image_thumbnail_20250824175326.jpeg', 'credit': 'SpaceX', 'license': {'id': 1, 'name': 'Unknown', 'priority': 9, 'link': None}, 'single_use': True, 'variants': []}",False,PT1H6M12S,P0D,1,1,"{'id': 3, 'name': 'Destroyed'}","Ship 38 (S38) is the 2nd stage vehicle that was used for the 11th Starship flight test. It was the 6th and final ""Block 2"" Starship spacecraft with lengthened propellant tanks and forward flaps with a new design, among other enhancements, over the Block 1 vehicles.","{'response_mode': 'normal', 'id': 45, 'url': 'https://lldev.thespacedevs.com/2.3.0/spacecraft_configurations/45/', 'name': 'Starship V2', 'type': {'id': 6, 'name': 'Reuseable Upper Stage'}, 'agency': {'response_mode': 'list', 'id': 121, 'url': 'https://lldev.thespacedevs.com/2.3.0/agencies/121/', 'name': 'SpaceX', 'abbrev': 'SpX', 'type': {'id': 3, 'name': 'Commercial'}}, 'family': [{'response_mode': 'normal', 'id': 8, 'name': 'Starship', 'description': 'SpaceX Starship upper stages family', 'manufacturer': {'response_mode': 'list', 'id': 121, 'url': 'https://lldev.thespacedevs.com/2.3.0/agencies/121/', 'name': 'SpaceX', 'abbrev': 'SpX', 'type': {'id': 3, 'name': 'Commercial'}}, 'parent': None, 'maiden_flight': '2023-04-20'}], 'in_use': False, 'image': {'id': 2438, 'name': 'Starship during stacking operations (Flight 10)', 'image_url': 'https://thespacedevs-dev.nyc3.digitaloceanspaces.com/media/images/starship_during_image_20250824175325.jpg', 'thumbnail_url': 'https://thespacedevs-dev.nyc3.digitaloceanspaces.com/media/images/starship_during_image_thumbnail_20250824175326.jpeg', 'credit': 'SpaceX', 'license': {'id': 1, 'name': 'Unknown', 'priority': 9, 'link': None}, 'single_use': True, 'variants': []}}",
18,normal,453,https://lldev.thespacedevs.com/2.3.0/spacecraft/453/,RSS First Step,2.0-2,False,"{'id': 2153, 'name': 'NS-19 Capsule First Step landed', 'image_url': 'https://thespacedevs-dev.nyc3.digitaloceanspaces.com/media/images/ns-19_capsule_f_image_20240812145125.jpg', 'thumbnail_url': 'https://thespacedevs-dev.nyc3.digitaloceanspaces.com/media/images/ns-19_capsule_f_image_thumbnail_20240812145126.jpeg', 'credit': 'Blue Origin', 'license': {'id': 1, 'name': 'Unknown', 'priority': 9, 'link': None}, 'single_use': True, 'variants': []}",False,PT2H43M2S,P0D,16,16,"{'id': 1, 'name': 'Active'}","First Blue Origin New Shepard Crew Capsule 2.0 to carry human passengers. This capsule is outfitted with improvements to environmental features such as acoustics and temperature regulation inside the capsule, crew display panels, and speakers with a microphone and push-to-talk button at each seat.","{'response_mode': 'normal', 'id': 21, 'url': 'https://lldev.thespacedevs.com/2.3.0/spacecraft_configurations/21/', 'name': 'Crew Capsule 2.0', 'type': {'id': 2, 'name': 'Capsule'}, 'agency': {'response_mode': 'list', 'id': 141, 'url': 'https://lldev.thespacedevs.com/2.3.0/agencies/141/', 'name': 'Blue Origin', 'abbrev': 'BO', 'type': {'id': 3, 'name': 'Commercial'}}, 'family': [{'response_mode': 'normal', 'id': 5, 'name': 'New Shepard Crew Capsule', 'description': 'Capsules built for suborbital human spaceflight on New Shepard', 'manufacturer': {'response_mode': 'list', 'id': 141, 'url': 'https://lldev.thespacedevs.com/2.3.0/agencies/141/', 'name': 'Blue Origin', 'abbrev': 'BO', 'type': {'id': 3, 'name': 'Commercial'}}, 'parent': None, 'maiden_flight': '2015-04-29'}], 'in_use': True, 'image': {'id': 1907, 'name': 'New Shepard M7 H. G. Wells landed', 'image_url': 'https://thespacedevs-dev.nyc3.digitaloceanspaces.com/media/images/crew2520capsule25202.0_image_20190309095011.jpeg', 'thumbnail_url': 'https://thespacedevs-dev.nyc3.digitaloceanspaces.com/media/images/255bauto255d__image_thumbnail_20240305194115.jpeg', 'credit': 'Blue Origin', 'license': {'id': 1, 'name': 'Unknown', 'priority': 9, 'link': None}, 'single_use': True, 'variants': []}}",P59DT1M42S
19,normal,276,https://lldev.thespacedevs.com/2.3.0/spacecraft/276/,RSS H.G. Wells,2.0-1,False,"{'id': 1907, 'name': 'New Shepard M7 H. G. Wells landed', 'image_url': 'https://thespacedevs-dev.nyc3.digitaloceanspaces.com/media/images/crew2520capsule25202.0_image_20190309095011.jpeg', 'thumbnail_url': 'https://thespacedevs-dev.nyc3.digitaloceanspaces.com/media/images/255bauto255d__image_thumbnail_20240305194115.jpeg', 'credit': 'Blue Origin', 'license': {'id': 1, 'name': 'Unknown', 'priority': 9, 'link': None}, 'single_use': True, 'variants': []}",False,PT2H29S,P0D,12,12,"{'id': 2, 'name': 'Retired'}",Second New Shepard capsule. It is dedicated to uncrewed flights.,"{'response_mode': 'normal', 'id': 21, 'url': 'https://lldev.thespacedevs.com/2.3.0/spacecraft_configurations/21/', 'name': 'Crew Capsule 2.0', 'type': {'id': 2, 'name': 'Capsule'}, 'agency': {'response_mode': 'list', 'id': 141, 'url': 'https://lldev.thespacedevs.com/2.3.0/agencies/141/', 'name': 'Blue Origin', 'abbrev': 'BO', 'type': {'id': 3, 'name': 'Commercial'}}, 'family': [{'response_mode': 'normal', 'id': 5, 'name': 'New Shepard Crew Capsule', 'description': 'Capsules built for suborbital human spaceflight on New Shepard', 'manufacturer': {'response_mode': 'list', 'id': 141, 'url': 'https://lldev.thespacedevs.com/2.3.0/agencies/141/', 'name': 'Blue Origin', 'abbrev': 'BO', 'type': {'id': 3, 'name': 'Commercial'}}, 'parent': None, 'maiden_flight': '2015-04-29'}], 'in_use': True, 'image': {'id': 1907, 'name': 'New Shepard M7 H. G. Wells landed', 'image_url': 'https://thespacedevs-dev.nyc3.digitaloceanspaces.com/media/images/crew2520capsule25202.0_image_20190309095011.jpeg', 'thumbnail_url': 'https://thespacedevs-dev.nyc3.digitaloceanspaces.com/media/images/255bauto255d__image_thumbnail_20240305194115.jpeg', 'credit': 'Blue Origin', 'license': {'id': 1, 'name': 'Unknown', 'priority': 9, 'link': None}, 'single_use': True, 'variants': []}}",P79DT21H42M
20,normal,616,https://lldev.thespacedevs.com/2.3.0/spacecraft/616/,Soyuz MS-29,11F732 #760,False,"{'id': 967, 'name': 'Soyuz MS in orbit (MS-19)', 'image_url': 'https://thespacedevs-dev.nyc3.digitaloceanspaces.com/media/images/soyuz_ms_in_orb_image_20240313130407.jpeg', 'thumbnail_url': 'https://thespacedevs-dev.nyc3.digitaloceanspaces.com/media/images/soyuz_ms_in_orb_image_thumbnail_20240313130407.jpeg', 'credit': 'ESA/NASA/T. Pesquet', 'license': {'id': 2, 'name': 'ESA Standard Licence', 'priority': 2, 'link': 'https://www.esa.int/ESA_Multimedia/Terms_and_conditions_of_use_of_images_and_videos_available_on_the_esa_website'}, 'single_use': False, 'variants': []}",True,P4DT10H55M3S,P4DT7H50M46S,1,0,"{'id': 4, 'name': 'Single Use'}",Soyuz capsule for the MS-29 mission to the ISS.,"{'response_mode': 'normal', 'id': 38, 'url': 'https://lldev.thespacedevs.com/2.3.0/spacecraft_configurations/38/', 'name': 'Soyuz MS', 'type': {'id': 2, 'name': 'Capsule'}, 'agency': {'response_mode': 'list', 'id': 63, 'url': 'https://lldev.thespacedevs.com/2.3.0/agencies/63/', 'name': 'Russian Federal Space Agency (ROSCOSMOS)', 'abbrev': 'RFSA', 'type': {'id': 1, 'name': 'Government'}}, 'family': [{'response_mode': 'normal', 'id': 1, 'name': 'Soyuz', 'description': 'Soyuz is a series of spacecraft which has been in service since the 1960s, having made more than 140 flights. It was designed for the Soviet space program by the Korolev Design Bureau (now Energia).', 'manufacturer': {'response_mode': 'list', 'id': 1000, 'url': 'https://lldev.thespacedevs.com/2.3.0/agencies/1000/', 'name': 'Energia', 'abbrev': 'OKB-1', 'type': {'id': 1, 'name': 'Government'}}, 'parent': None, 'maiden_flight': '1966-11-28'}], 'in_use': True, 'image': {'id': 967, 'name': 'Soyuz MS in orbit (MS-19)', 'image_url': 'https://thespacedevs-dev.nyc3.digitaloceanspaces.com/media/images/soyuz_ms_in_orb_image_20240313130407.jpeg', 'thumbnail_url': 'https://thespacedevs-dev.nyc3.digitaloceanspaces.com/media/images/soyuz_ms_in_orb_image_thumbnail_20240313130407.jpeg', 'credit': 'ESA/NASA/T. Pesquet', 'license': {'id': 2, 'name': 'ESA Standard Licence', 'priority': 2, 'link': 'https://www.esa.int/ESA_Multimedia/Terms_and_conditions_of_use_of_images_and_videos_available_on_the_esa_website'}, 'single_use': False, 'variants': []}}",
21,normal,621,https://lldev.thespacedevs.com/2.3.0/spacecraft/621/,Ship 39,S39,False,"{'id': 2764, 'name': 'Starship during a WDR before flight 12', 'image_url': 'https://thespacedevs-dev.nyc3.digitaloceanspaces.com/media/images/starship_during_image_20260523090008.jpg', 'thumbnail_url': 'https://thespacedevs-dev.nyc3.digitaloceanspaces.com/media/images/starship_during_image_thumbnail_20260523090008.jpeg', 'credit': 'SpaceX', 'license': {'id': 1, 'name': 'Unknown', 'priority': 9, 'link': None}, 'single_use': False, 'variants': []}",False,PT1H6M35S,P0D,1,1,"{'id': 3, 'name': 'Destroyed'}","First V3 Starship, that flew on the 12th Starship test flight. Despite the loss of a Raptor Vacuum engine at ignition, it performed an extended ascent burn, reached a valid trajectory, and successfully reentered the atmosphere to splash down softly on target in the Indian Ocean. Lost in an explosion just after the soft splashdown.","{'response_mode': 'normal', 'id': 46, 'url': 'https://lldev.thespacedevs.com/2.3.0/spacecraft_configurations/46/', 'name': 'Starship V3', 'type': {'id': 6, 'name': 'Reuseable Upper Stage'}, 'agency': {'response_mode': 'list', 'id': 121, 'url': 'https://lldev.thespacedevs.com/2.3.0/agencies/121/', 'name': 'SpaceX', 'abbrev': 'SpX', 'type': {'id': 3, 'name': 'Commercial'}}, 'family': [{'response_mode': 'normal', 'id': 8, 'name': 'Starship', 'description': 'SpaceX Starship upper stages family', 'manufacturer': {'response_mode': 'list', 'id': 121, 'url': 'https://lldev.thespacedevs.com/2.3.0/agencies/121/', 'name': 'SpaceX', 'abbrev': 'SpX', 'type': {'id': 3, 'name': 'Commercial'}}, 'parent': None, 'maiden_flight': '2023-04-20'}], 'in_use': True, 'image': {'id': 2438, 'name': 'Starship during stacking operations (Flight 10)', 'image_url': 'https://thespacedevs-dev.nyc3.digitaloceanspaces.com/media/images/starship_during_image_20250824175325.jpg', 'thumbnail_url': 'https://thespacedevs-dev.nyc3.digitaloceanspaces.com/media/images/starship_during_image_thumbnail_20250824175326.jpeg', 'credit': 'SpaceX', 'license': {'id': 1, 'name': 'Unknown', 'priority': 9, 'link': None}, 'single_use': True, 'variants': []}}",
22,normal,599,https://lldev.thespacedevs.com/2.3.0/spacecraft/599/,RSS Kármán Line,,False,"{'id': 1907, 'name': 'New Shepard M7 H. G. Wells landed', 'image_url': 'https://thespacedevs-dev.nyc3.digitaloceanspaces.com/media/images/crew2520capsule25202.0_image_20190309095011.jpeg', 'thumbnail_url': 'https://thespacedevs-dev.nyc3.digitaloceanspaces.com/media/images/255bauto255d__image_thumbnail_20240305194115.jpeg', 'credit': 'Blue Origin', 'license': {'id': 1, 'name': 'Unknown', 'priority': 9, 'link': None}, 'single_use': True, 'variants': []}",False,PT41M1S,P0D,4,4,"{'id': 1, 'name': 'Active'}",Second human rated Crew Capsule for New Shepard.,"{'response_mode': 'normal', 'id': 21, 'url': 'https://lldev.thespacedevs.com/2.3.0/spacecraft_configurations/21/', 'name': 'Crew Capsule 2.0', 'type': {'id': 2, 'name': 'Capsule'}, 'agency': {'response_mode': 'list', 'id': 141, 'url': 'https://lldev.thespacedevs.com/2.3.0/agencies/141/', 'name': 'Blue Origin', 'abbrev': 'BO', 'type': {'id': 3, 'name': 'Commercial'}}, 'family': [{'response_mode': 'normal', 'id': 5, 'name': 'New Shepard Crew Capsule', 'description': 'Capsules built for suborbital human spaceflight on New Shepard', 'manufacturer': {'response_mode': 'list', 'id': 141, 'url': 'https://lldev.thespacedevs.com/2.3.0/agencies/141/', 'name': 'Blue Origin', 'abbrev': 'BO', 'type': {'id': 3, 'name': 'Commercial'}}, 'parent': None, 'maiden_flight': '2015-04-29'}], 'in_use': True, 'image': {'id': 1907, 'name': 'New Shepard M7 H. G. Wells landed', 'image_url': 'https://thespacedevs-dev.nyc3.digitaloceanspaces.com/media/images/crew2520capsule25202.0_image_20190309095011.jpeg', 'thumbnail_url': 'https://thespacedevs-dev.nyc3.digitaloceanspaces.com/media/images/255bauto255d__image_thumbnail_20240305194115.jpeg', 'credit': 'Blue Origin', 'license': {'id': 1, 'name': 'Unknown', 'priority': 9, 'link': None}, 'single_use': True, 'variants': []}}",P76DT59M35S
23,normal,618,https://lldev.thespacedevs.com/2.3.0/spacecraft/618/,Ship 37,S37,False,"{'id': 2438, 'name': 'Starship during stacking operations (Flight 10)', 'image_url': 'https://thespacedevs-dev.nyc3.digitaloceanspaces.com/media/images/starship_during_image_20250824175325.jpg', 'thumbnail_url': 'https://thespacedevs-dev.nyc3.digitaloceanspaces.com/media/images/starship_during_image_thumbnail_20250824175326.jpeg', 'credit': 'SpaceX', 'license': {'id': 1, 'name': 'Unknown', 'priority': 9, 'link': None}, 'single_use': True, 'variants': []}",False,PT1H6M30S,P0D,1,1,"{'id': 3, 'name': 'Destroyed'}","Ship 37 (S37) is the 2nd stage vehicle that was used for the 10th Starship flight test. It is the 5th ""Block 2"" Starship spacecraft with lengthened propellant tanks and forward flaps with a new design, among other enhancements.","{'response_mode': 'normal', 'id': 45, 'url': 'https://lldev.thespacedevs.com/2.3.0/spacecraft_configurations/45/', 'name': 'Starship V2', 'type': {'id': 6, 'name': 'Reuseable Upper Stage'}, 'agency': {'response_mode': 'list', 'id': 121, 'url': 'https://lldev.thespacedevs.com/2.3.0/agencies/121/', 'name': 'SpaceX', 'abbrev': 'SpX', 'type': {'id': 3, 'name': 'Commercial'}}, 'family': [{'response_mode': 'normal', 'id': 8, 'name': 'Starship', 'description': 'SpaceX Starship upper stages family', 'manufacturer': {'response_mode': 'list', 'id': 121, 'url': 'https://lldev.thespacedevs.com/2.3.0/agencies/121/', 'name': 'SpaceX', 'abbrev': 'SpX', 'type': {'id': 3, 'name': 'Commercial'}}, 'parent': None, 'maiden_flight': '2023-04-20'}], 'in_use': False, 'image': {'id': 2438, 'name': 'Starship during stacking operations (Flight 10)', 'image_url': 'https://thespacedevs-dev.nyc3.digitaloceanspaces.com/media/images/starship_during_image_20250824175325.jpg', 'thumbnail_url': 'https://thespacedevs-dev.nyc3.digitaloceanspaces.com/media/images/starship_during_image_thumbnail_20250824175326.jpeg', 'credit': 'SpaceX', 'license': {'id': 1, 'name': 'Unknown', 'priority': 9, 'link': None}, 'single_use': True, 'variants': []}}",
24,normal,453,https://lldev.thespacedevs.com/2.3.0/spacecraft/453/,RSS First Step,2.0-2,False,"{'id': 2153, 'name': 'NS-19 Capsule First Step landed', 'image_url': 'https://thespacedevs-dev.nyc3.digitaloceanspaces.com/media/images/ns-19_capsule_f_image_20240812145125.jpg', 'thumbnail_url': 'https://thespacedevs-dev.nyc3.digitaloceanspaces.com/media/images/ns-19_capsule_f_image_thumbnail_20240812145126.jpeg', 'credit': 'Blue Origin', 'license': {'id': 1, 'name': 'Unknown', 'priority': 9, 'link': None}, 'single_use': True, 'variants': []}",False,PT2H43M2S,P0D,16,16,"{'id': 1, 'name': 'Active'}","First Blue Origin New Shepard Crew Capsule 2.0 to carry human passengers. This capsule is outfitted with improvements to environmental features such as acoustics and temperature regulation inside the capsule, crew display panels, and speakers with a microphone and push-to-talk button at each seat.","{'response_mode': 'normal', 'id': 21, 'url': 'https://lldev.thespacedevs.com/2.3.0/spacecraft_configurations/21/', 'name': 'Crew Capsule 2.0', 'type': {'id': 2, 'name': 'Capsule'}, 'agency': {'response_mode': 'list', 'id': 141, 'url': 'https://lldev.thespacedevs.com/2.3.0/agencies/141/', 'name': 'Blue Origin', 'abbrev': 'BO', 'type': {'id': 3, 'name': 'Commercial'}}, 'family': [{'response_mode': 'normal', 'id': 5, 'name': 'New Shepard Crew Capsule', 'description': 'Capsules built for suborbital human spaceflight on New Shepard', 'manufacturer': {'response_mode': 'list', 'id': 141, 'url': 'https://lldev.thespacedevs.com/2.3.0/agencies/141/', 'name': 'Blue Origin', 'abbrev': 'BO', 'type': {'id': 3, 'name': 'Commercial'}}, 'parent': None, 'maiden_flight': '2015-04-29'}], 'in_use': True, 'image': {'id': 1907, 'name': 'New Shepard M7 H. G. Wells landed', 'image_url': 'https://thespacedevs-dev.nyc3.digitaloceanspaces.com/media/images/crew2520capsule25202.0_image_20190309095011.jpeg', 'thumbnail_url': 'https://thespacedevs-dev.nyc3.digitaloceanspaces.com/media/images/255bauto255d__image_thumbnail_20240305194115.jpeg', 'credit': 'Blue Origin', 'license': {'id': 1, 'name': 'Unknown', 'priority': 9, 'link': None}, 'single_use': True, 'variants': []}}",P59DT1M42S
25,normal,623,https://lldev.thespacedevs.com/2.3.0/spacecraft/623/,HTV-X1,HTV-X1,False,"{'id': 2566, 'name': 'HTV-X in space (First Flight)', 'image_url': 'https://thespacedevs-dev.nyc3.digitaloceanspaces.com/media/images/htv-x_in_space__image_20251122191933.jpg', 'thumbnail_url': 'https://thespacedevs-dev.nyc3.digitaloceanspaces.com/media/images/htv-x_in_space__image_thumbnail_20251122191934.jpeg', 'credit': 'NASA', 'license': {'id': 4, 'name': 'NASA Image and Media Guidelines', 'priority': 0, 'link': 'https://www.nasa.gov/nasa-brand-center/images-and-media/'}, 'single_use': False, 'variants': []}",False,P212DT14H9M45S,P127DT21H17M,1,1,"{'id': 1, 'name': 'Active'}",Spacecraft used for the maiden flight of the HTV-X Cargo Resupply Vehicle.,"{'response_mode': 'normal', 'id': 47, 'url': 'https://lldev.thespacedevs.com/2.3.0/spacecraft_configurations/47/', 'name': 'HTV-X', 'type': {'id': 4, 'name': 'Cargo Resupply'}, 'agency': {'response_mode': 'list', 'id': 37, 'url': 'https://lldev.thespacedevs.com/2.3.0/agencies/37/', 'name': 'Japan Aerospace Exploration Agency', 'abbrev': 'JAXA', 'type': {'id': 1, 'name': 'Government'}}, 'family': [{'response_mode': 'normal', 'id': 4, 'name': 'HTV', 'description': 'The H-II Transfer Vehicle (HTV), also called Kounotori, is an expendable, automated cargo spacecraft used to resupply the International Space Station', 'manufacturer': {'response_mode': 'list', 'id': 37, 'url': 'https://lldev.thespacedevs.com/2.3.0/agencies/37/', 'name': 'Japan Aerospace Exploration Agency', 'abbrev': 'JAXA', 'type': {'id': 1, 'name': 'Government'}}, 'parent': None, 'maiden_flight': '2009-09-10'}], 'in_use': True, 'image': {'id': 2566, 'name': 'HTV-X in space (First Flight)', 'image_url': 'https://thespacedevs-dev.nyc3.digitaloceanspaces.com/media/images/htv-x_in_space__image_20251122191933.jpg', 'thumbnail_url': 'https://thespacedevs-dev.nyc3.digitaloceanspaces.com/media/images/htv-x_in_space__image_thumbnail_20251122191934.jpeg', 'credit': 'NASA', 'license': {'id': 4, 'name': 'NASA Image and Media Guidelines', 'priority': 0, 'link': 'https://www.nasa.gov/nasa-brand-center/images-and-media/'}, 'single_use': False, 'variants': []}}",
26,normal,624,https://lldev.thespacedevs.com/2.3.0/spacecraft/624/,Shenzhou 22,22,False,"{'id': 1926, 'name': '[AUTO] Shenzhou - image', 'image_url': 'https://thespacedevs-dev.nyc3.digitaloceanspaces.com/media/images/shenzhou_image_20190207032522.jpeg', 'thumbnail_url': 'https://thespacedevs-dev.nyc3.digitaloceanspaces.com/media/images/255bauto255d__image_thumbnail_20240305194145.jpeg', 'credit': None, 'license': {'id': 1, 'name': 'Unknown', 'priority': 9, 'link': None}, 'single_use': True, 'variants': []}",False,P185DT7H59M15S,P184DT22H54M,1,1,"{'id': 4, 'name': 'Single Use'}","Spacecraft to be launched without crew to replace Shenzhou 20 that was damaged by orbital debris on the descent module porthole window, and thus deemed unsuitable for crew re-entry. The spacecraft will later return three Chinese astronauts on the 10th flight to the Chinese Space Station back to Earth, after launching on Shenzhou 21.","{'response_mode': 'normal', 'id': 2, 'url': 'https://lldev.thespacedevs.com/2.3.0/spacecraft_configurations/2/', 'name': 'Shenzhou', 'type': {'id': 2, 'name': 'Capsule'}, 'agency': {'response_mode': 'list', 'id': 17, 'url': 'https://lldev.thespacedevs.com/2.3.0/agencies/17/', 'name': 'China National Space Administration', 'abbrev': 'CNSA', 'type': {'id': 1, 'name': 'Government'}}, 'family': [], 'in_use': True, 'image': {'id': 1926, 'name': '[AUTO] Shenzhou - image', 'image_url': 'https://thespacedevs-dev.nyc3.digitaloceanspaces.com/media/images/shenzhou_image_20190207032522.jpeg', 'thumbnail_url': 'https://thespacedevs-dev.nyc3.digitaloceanspaces.com/media/images/255bauto255d__image_thumbnail_20240305194145.jpeg', 'credit': None, 'license': {'id': 1, 'name': 'Unknown', 'priority': 9, 'link': None}, 'single_use': True, 'variants': []}}",
27,normal,560,https://lldev.thespacedevs.com/2.3.0/spacecraft/560/,Chinese Reusable Space Vehicle,,False,,True,P706DT11H32M35S,P0D,4,3,"{'id': 1, 'name': 'Active'}","First Chinese reusable spacecraft, apparently a spaceplane with wings per a photo taken by a US satellite. No public information of it is available.

Its official name is ""Chongfu Shiyong Shiyan Hangtian Qi"", meaning ""Reusable Experimental Spacecraft"".

Note: It is unknown how many flight vehicles have been built and flown.","{'response_mode': 'normal', 'id': 31, 'url': 'https://lldev.thespacedevs.com/2.3.0/spacecraft_configurations/31/', 'name': 'Chinese Reusable Space Vehicle', 'type': {'id': 3, 'name': 'Spaceplane'}, 'agency': {'response_mode': 'list', 'id': 88, 'url': 'https://lldev.thespacedevs.com/2.3.0/agencies/88/', 'name': 'China Aerospace Science and Technology Corporation', 'abbrev': 'CASC', 'type': {'id': 1, 'name': 'Government'}}, 'family': [], 'in_use': True, 'image': None}",P220DT13H52M
28,normal,453,https://lldev.thespacedevs.com/2.3.0/spacecraft/453/,RSS First Step,2.0-2,False,"{'id': 2153, 'name': 'NS-19 Capsule First Step landed', 'image_url': 'https://thespacedevs-dev.nyc3.digitaloceanspaces.com/media/images/ns-19_capsule_f_image_20240812145125.jpg', 'thumbnail_url': 'https://thespacedevs-dev.nyc3.digitaloceanspaces.com/media/images/ns-19_capsule_f_image_thumbnail_20240812145126.jpeg', 'credit': 'Blue Origin', 'license': {'id': 1, 'name': 'Unknown', 'priority': 9, 'link': None}, 'single_use': True, 'variants': []}",False,PT2H43M2S,P0D,16,16,"{'id': 1, 'name': 'Active'}","First Blue Origin New Shepard Crew Capsule 2.0 to carry human passengers. This capsule is outfitted with improvements to environmental features such as acoustics and temperature regulation inside the capsule, crew display panels, and speakers with a microphone and push-to-talk button at each seat.","{'response_mode': 'normal', 'id': 21, 'url': 'https://lldev.thespacedevs.com/2.3.0/spacecraft_configurations/21/', 'name': 'Crew Capsule 2.0', 'type': {'id': 2, 'name': 'Capsule'}, 'agency': {'response_mode': 'list', 'id': 141, 'url': 'https://lldev.thespacedevs.com/2.3.0/agencies/141/', 'name': 'Blue Origin', 'abbrev': 'BO', 'type': {'id': 3, 'name': 'Commercial'}}, 'family': [{'response_mode': 'normal', 'id': 5, 'name': 'New Shepard Crew Capsule', 'description': 'Capsules built for suborbital human spaceflight on New Shepard', 'manufacturer': {'response_mode': 'list', 'id': 141, 'url': 'https://lldev.thespacedevs.com/2.3.0/agencies/141/', 'name': 'Blue Origin', 'abbrev': 'BO', 'type': {'id': 3, 'name': 'Commercial'}}, 'parent': None, 'maiden_flight': '2015-04-29'}], 'in_use': True, 'image': {'id': 1907, 'name': 'New Shepard M7 H. G. Wells landed', 'image_url': 'https://thespacedevs-dev.nyc3.digitaloceanspaces.com/media/images/crew2520capsule25202.0_image_20190309095011.jpeg', 'thumbnail_url': 'https://thespacedevs-dev.nyc3.digitaloceanspaces.com/media/images/255bauto255d__image_thumbnail_20240305194115.jpeg', 'credit': 'Blue Origin', 'license': {'id': 1, 'name': 'Unknown', 'priority': 9, 'link': None}, 'single_use': True, 'variants': []}}",P59DT1M42S
29,normal,629,https://lldev.thespacedevs.com/2.3.0/spacecraft/629/,Shenzhou 23,23,False,"{'id': 1926, 'name': '[AUTO] Shenzhou - image', 'image_url': 'https://thespacedevs-dev.nyc3.digitaloceanspaces.com/media/images/shenzhou_image_20190207032522.jpeg', 'thumbnail_url': 'https://thespacedevs-dev.nyc3.digitaloceanspaces.com/media/images/255bauto255d__image_thumbnail_20240305194145.jpeg', 'credit': None, 'license': {'id': 1, 'name': 'Unknown', 'priority': 9, 'link': None}, 'single_use': True, 'variants': []}",True,P55DT10H34M12S,P55DT6H57M48S,1,0,"{'id': 4, 'name': 'Single Use'}",Spacecraft used to launch 3 astronauts on the 11th crewed mission to the Chinese Space Station.,"{'response_mode': 'normal', 'id': 2, 'url': 'https://lldev.thespacedevs.com/2.3.0/spacecraft_configurations/2/', 'name': 'Shenzhou', 'type': {'id': 2, 'name': 'Capsule'}, 'agency': {'response_mode': 'list', 'id': 17, 'url': 'https://lldev.thespacedevs.com/2.3.0/agencies/17/', 'name': 'China National Space Administration', 'abbrev': 'CNSA', 'type': {'id': 1, 'name': 'Government'}}, 'family': [], 'in_use': True, 'image': {'id': 1926, 'name': '[AUTO] Shenzhou - image', 'image_url': 'https://thespacedevs-dev.nyc3.digitaloceanspaces.com/media/images/shenzhou_image_20190207032522.jpeg', 'thumbnail_url': 'https://thespacedevs-dev.nyc3.digitaloceanspaces.com/media/images/255bauto255d__image_thumbnail_20240305194145.jpeg', 'credit': None, 'license': {'id': 1, 'name': 'Unknown', 'priority': 9, 'link': None}, 'single_use': True, 'variants': []}}",
30,normal,551,https://lldev.thespacedevs.com/2.3.0/spacecraft/551/,Crew Dragon Freedom,C212,False,"{'id': 1181, 'name': 'Crew Dragon docking', 'image_url': 'https://thespacedevs-dev.nyc3.digitaloceanspaces.com/media/images/spacex_dm-2_cre_image_20200504065311.jpeg', 'thumbnail_url': 'https://thespacedevs-dev.nyc3.digitaloceanspaces.com/media/images/255bauto255d__image_thumbnail_20240305191923.jpeg', 'credit': 'NASA', 'license': {'id': 4, 'name': 'NASA Image and Media Guidelines', 'priority': 0, 'link': 'https://www.nasa.gov/nasa-brand-center/images-and-media/'}, 'single_use': False, 'variants': []}",True,P528DT6H17M2S,P519DT10H9M42S,5,4,"{'id': 1, 'name': 'Active'}",Crew Dragon spacecraft first used for Crew-4.,"{'response_mode': 'normal', 'id': 6, 'url': 'https://lldev.thespacedevs.com/2.3.0/spacecraft_configurations/6/', 'name': 'Crew Dragon 2', 'type': {'id': 2, 'name': 'Capsule'}, 'agency': {'response_mode': 'list', 'id': 121, 'url': 'https://lldev.thespacedevs.com/2.3.0/agencies/121/', 'name': 'SpaceX', 'abbrev': 'SpX', 'type': {'id': 3, 'name': 'Commercial'}}, 'family': [{'response_mode': 'normal', 'id': 6, 'name': 'Dragon', 'description': 'Dragon is a family of spacecraft developed and produced by American private space transportation company SpaceX.', 'manufacturer': {'response_mode': 'list', 'id': 121, 'url': 'https://lldev.thespacedevs.com/2.3.0/agencies/121/', 'name': 'SpaceX', 'abbrev': 'SpX', 'type': {'id': 3, 'name': 'Commercial'}}, 'parent': None, 'maiden_flight': '2010-12-08'}, {'response_mode': 'normal', 'id': 7, 'name': 'Dragon 2', 'description': 'Dragon 2 is a family of spacecraft developed and produced by American private space transportation company SpaceX. It was redesigned for human spaceflight, and is capable of docking to the ISS.', 'manufacturer': {'response_mode': 'list', 'id': 121, 'url': 'https://lldev.thespacedevs.com/2.3.0/agencies/121/', 'name': 'SpaceX', 'abbrev': 'SpX', 'type': {'id': 3, 'name': 'Commercial'}}, 'parent': {'response_mode': 'list', 'id': 6, 'name': 'Dragon'}, 'maiden_flight': '2019-03-02'}], 'in_use': True, 'image': {'id': 1181, 'name': 'Crew Dragon docking', 'image_url': 'https://thespacedevs-dev.nyc3.digitaloceanspaces.com/media/images/spacex_dm-2_cre_image_20200504065311.jpeg', 'thumbnail_url': 'https://thespacedevs-dev.nyc3.digitaloceanspaces.com/media/images/255bauto255d__image_thumbnail_20240305191923.jpeg', 'credit': 'NASA', 'license': {'id': 4, 'name': 'NASA Image and Media Guidelines', 'priority': 0, 'link': 'https://www.nasa.gov/nasa-brand-center/images-and-media/'}, 'single_use': False, 'variants': []}}",P219DT42M6S
31,normal,628,https://lldev.thespacedevs.com/2.3.0/spacecraft/628/,Progress MS-34,MS-34 (No.464),False,"{'id': 1924, 'name': '[AUTO] Progress-MS - image', 'image_url': 'https://thespacedevs-dev.nyc3.digitaloceanspaces.com/media/images/progress-ms_image_20231219150735.jpeg', 'thumbnail_url': 'https://thespacedevs-dev.nyc3.digitaloceanspaces.com/media/images/255bauto255d__image_thumbnail_20240305194142.jpeg', 'credit': None, 'license': {'id': 1, 'name': 'Unknown', 'priority': 9, 'link': None}, 'single_use': True, 'variants': []}",True,P84DT3H21M1S,P82DT1H42M,1,0,"{'id': 1, 'name': 'Active'}",Progress MS-34 is a Progress spacecraft used by Roscosmos to resupply the International Space Station (ISS).,"{'response_mode': 'normal', 'id': 33, 'url': 'https://lldev.thespacedevs.com/2.3.0/spacecraft_configurations/33/', 'name': 'Progress-MS', 'type': {'id': 4, 'name': 'Cargo Resupply'}, 'agency': {'response_mode': 'list', 'id': 63, 'url': 'https://lldev.thespacedevs.com/2.3.0/agencies/63/', 'name': 'Russian Federal Space Agency (ROSCOSMOS)', 'abbrev': 'RFSA', 'type': {'id': 1, 'name': 'Government'}}, 'family': [{'response_mode': 'normal', 'id': 2, 'name': 'Progress', 'description': 'The Progress is a Russian expendable cargo spacecraft. Its purpose is to deliver the supplies needed to sustain a human presence in orbit.', 'manufacturer': {'response_mode': 'list', 'id': 1000, 'url': 'https://lldev.thespacedevs.com/2.3.0/agencies/1000/', 'name': 'Energia', 'abbrev': 'OKB-1', 'type': {'id': 1, 'name': 'Government'}}, 'parent': None, 'maiden_flight': '1978-01-20'}], 'in_use': True, 'image': {'id': 1924, 'name': '[AUTO] Progress-MS - image', 'image_url': 'https://thespacedevs-dev.nyc3.digitaloceanspaces.com/media/images/progress-ms_image_20231219150735.jpeg', 'thumbnail_url': 'https://thespacedevs-dev.nyc3.digitaloceanspaces.com/media/images/255bauto255d__image_thumbnail_20240305194142.jpeg', 'credit': None, 'license': {'id': 1, 'name': 'Unknown', 'priority': 9, 'link': None}, 'single_use': True, 'variants': []}}",
32,normal,625,https://lldev.thespacedevs.com/2.3.0/spacecraft/625/,Progress MS-33,MS-33 (No.463),False,"{'id': 1924, 'name': '[AUTO] Progress-MS - image', 'image_url': 'https://thespacedevs-dev.nyc3.digitaloceanspaces.com/media/images/progress-ms_image_20231219150735.jpeg', 'thumbnail_url': 'https://thespacedevs-dev.nyc3.digitaloceanspaces.com/media/images/255bauto255d__image_thumbnail_20240305194142.jpeg', 'credit': None, 'license': {'id': 1, 'name': 'Unknown', 'priority': 9, 'link': None}, 'single_use': True, 'variants': []}",True,P118DT13H42M57S,P116DT12H2M4S,1,0,"{'id': 1, 'name': 'Active'}",Progress MS-33 is a Progress spacecraft used by Roscosmos to resupply the International Space Station (ISS).,"{'response_mode': 'normal', 'id': 33, 'url': 'https://lldev.thespacedevs.com/2.3.0/spacecraft_configurations/33/', 'name': 'Progress-MS', 'type': {'id': 4, 'name': 'Cargo Resupply'}, 'agency': {'response_mode': 'list', 'id': 63, 'url': 'https://lldev.thespacedevs.com/2.3.0/agencies/63/', 'name': 'Russian Federal Space Agency (ROSCOSMOS)', 'abbrev': 'RFSA', 'type': {'id': 1, 'name': 'Government'}}, 'family': [{'response_mode': 'normal', 'id': 2, 'name': 'Progress', 'description': 'The Progress is a Russian expendable cargo spacecraft. Its purpose is to deliver the supplies needed to sustain a human presence in orbit.', 'manufacturer': {'response_mode': 'list', 'id': 1000, 'url': 'https://lldev.thespacedevs.com/2.3.0/agencies/1000/', 'name': 'Energia', 'abbrev': 'OKB-1', 'type': {'id': 1, 'name': 'Government'}}, 'parent': None, 'maiden_flight': '1978-01-20'}], 'in_use': True, 'image': {'id': 1924, 'name': '[AUTO] Progress-MS - image', 'image_url': 'https://thespacedevs-dev.nyc3.digitaloceanspaces.com/media/images/progress-ms_image_20231219150735.jpeg', 'thumbnail_url': 'https://thespacedevs-dev.nyc3.digitaloceanspaces.com/media/images/255bauto255d__image_thumbnail_20240305194142.jpeg', 'credit': None, 'license': {'id': 1, 'name': 'Unknown', 'priority': 9, 'link': None}, 'single_use': True, 'variants': []}}",
33,normal,626,https://lldev.thespacedevs.com/2.3.0/spacecraft/626/,Cygnus CRS NG-24 (S.S. Steven R. Nagel),,False,"{'id': 1910, 'name': 'Cygnus Enhanced', 'image_url': 'https://thespacedevs-dev.nyc3.digitaloceanspaces.com/media/images/cygnus2520enhanced_image_20190207032513.jpeg', 'thumbnail_url': 'https://thespacedevs-dev.nyc3.digitaloceanspaces.com/media/images/255bauto255d__image_thumbnail_20240305194119.jpeg', 'credit': None, 'license': {'id': 1, 'name': 'Unknown', 'priority': 9, 'link': None}, 'single_use': False, 'variants': []}",True,P98DT14H1M27S,P96DT8H22M48S,1,0,"{'id': 4, 'name': 'Single Use'}",This is the twenty-third flight to the ISS by the Cygnus spacecraft under the CRS program and their 12th under the CRS-2 program. This is also the 19th use of the enhanced size Cygnus.,"{'response_mode': 'normal', 'id': 19, 'url': 'https://lldev.thespacedevs.com/2.3.0/spacecraft_configurations/19/', 'name': 'Cygnus Enhanced', 'type': {'id': 4, 'name': 'Cargo Resupply'}, 'agency': {'response_mode': 'list', 'id': 257, 'url': 'https://lldev.thespacedevs.com/2.3.0/agencies/257/', 'name': 'Northrop Grumman Space Systems', 'abbrev': 'NGSS', 'type': {'id': 3, 'name': 'Commercial'}}, 'family': [{'response_mode': 'normal', 'id': 3, 'name': 'Cygnus', 'description': ""Cygnus is an expendable American cargo spacecraft developed by Orbital Sciences Corporation but manufactured and launched by Northrop Grumman Space Systems as part of NASA's Commercial Resupply Services (CRS) program"", 'manufacturer': {'response_mode': 'list', 'id': 257, 'url': 'https://lldev.thespacedevs.com/2.3.0/agencies/257/', 'name': 'Northrop Grumman Space Systems', 'abbrev': 'NGSS', 'type': {'id': 3, 'name': 'Commercial'}}, 'parent': None, 'maiden_flight': '2013-09-18'}], 'in_use': True, 'image': {'id': 1910, 'name': 'Cygnus Enhanced', 'image_url': 'https://thespacedevs-dev.nyc3.digitaloceanspaces.com/media/images/cygnus2520enhanced_image_20190207032513.jpeg', 'thumbnail_url': 'https://thespacedevs-dev.nyc3.digitaloceanspaces.com/media/images/255bauto255d__image_thumbnail_20240305194119.jpeg', 'credit': None, 'license': {'id': 1, 'name': 'Unknown', 'priority': 9, 'link': None}, 'single_use': False, 'variants': []}}",
34,normal,452,https://lldev.thespacedevs.com/2.3.0/spacecraft/452/,Crew Dragon,TBD,True,"{'id': 1181, 'name': 'Crew Dragon docking', 'image_url': 'https://thespacedevs-dev.nyc3.digitaloceanspaces.com/media/images/spacex_dm-2_cre_image_20200504065311.jpeg', 'thumbnail_url': 'https://thespacedevs-dev.nyc3.digitaloceanspaces.com/media/images/255bauto255d__image_thumbnail_20240305191923.jpeg', 'credit': 'NASA', 'license': {'id': 4, 'name': 'NASA Image and Media Guidelines', 'priority': 0, 'link': 'https://www.nasa.gov/nasa-brand-center/images-and-media/'}, 'single_use': False, 'variants': []}",False,P0D,P0D,0,0,"{'id': 1, 'name': 'Active'}",The specific spacecraft for this launch is currently unknown.,"{'response_mode': 'normal', 'id': 6, 'url': 'https://lldev.thespacedevs.com/2.3.0/spacecraft_configurations/6/', 'name': 'Crew Dragon 2', 'type': {'id': 2, 'name': 'Capsule'}, 'agency': {'response_mode': 'list', 'id': 121, 'url': 'https://lldev.thespacedevs.com/2.3.0/agencies/121/', 'name': 'SpaceX', 'abbrev': 'SpX', 'type': {'id': 3, 'name': 'Commercial'}}, 'family': [{'response_mode': 'normal', 'id': 6, 'name': 'Dragon', 'description': 'Dragon is a family of spacecraft developed and produced by American private space transportation company SpaceX.', 'manufacturer': {'response_mode': 'list', 'id': 121, 'url': 'https://lldev.thespacedevs.com/2.3.0/agencies/121/', 'name': 'SpaceX', 'abbrev': 'SpX', 'type': {'id': 3, 'name': 'Commercial'}}, 'parent': None, 'maiden_flight': '2010-12-08'}, {'response_mode': 'normal', 'id': 7, 'name': 'Dragon 2', 'description': 'Dragon 2 is a family of spacecraft developed and produced by American private space transportation company SpaceX. It was redesigned for human spaceflight, and is capable of docking to the ISS.', 'manufacturer': {'response_mode': 'list', 'id': 121, 'url': 'https://lldev.thespacedevs.com/2.3.0/agencies/121/', 'name': 'SpaceX', 'abbrev': 'SpX', 'type': {'id': 3, 'name': 'Commercial'}}, 'parent': {'response_mode': 'list', 'id': 6, 'name': 'Dragon'}, 'maiden_flight': '2019-03-02'}], 'in_use': True, 'image': {'id': 1181, 'name': 'Crew Dragon docking', 'image_url': 'https://thespacedevs-dev.nyc3.digitaloceanspaces.com/media/images/spacex_dm-2_cre_image_20200504065311.jpeg', 'thumbnail_url': 'https://thespacedevs-dev.nyc3.digitaloceanspaces.com/media/images/255bauto255d__image_thumbnail_20240305191923.jpeg', 'credit': 'NASA', 'license': {'id': 4, 'name': 'NASA Image and Media Guidelines', 'priority': 0, 'link': 'https://www.nasa.gov/nasa-brand-center/images-and-media/'}, 'single_use': False, 'variants': []}}",
35,normal,627,https://lldev.thespacedevs.com/2.3.0/spacecraft/627/,Tianzhou-10,10,False,"{'id': 1937, 'name': '[AUTO] Tianzhou - image', 'image_url': 'https://thespacedevs-dev.nyc3.digitaloceanspaces.com/media/images/tianzhou_image_20210513100807.jpg', 'thumbnail_url': 'https://thespacedevs-dev.nyc3.digitaloceanspaces.com/media/images/255bauto255d__image_thumbnail_20240305194204.jpeg', 'credit': None, 'license': {'id': 1, 'name': 'Unknown', 'priority': 9, 'link': None}, 'single_use': True, 'variants': []}",True,P69DT1H28M16S,P68DT20H31M48S,1,0,"{'id': 4, 'name': 'Single Use'}",Tenth operational Tianzhou spacecraft.,"{'response_mode': 'normal', 'id': 25, 'url': 'https://lldev.thespacedevs.com/2.3.0/spacecraft_configurations/25/', 'name': 'Tianzhou', 'type': {'id': 4, 'name': 'Cargo Resupply'}, 'agency': {'response_mode': 'list', 'id': 88, 'url': 'https://lldev.thespacedevs.com/2.3.0/agencies/88/', 'name': 'China Aerospace Science and Technology Corporation', 'abbrev': 'CASC', 'type': {'id': 1, 'name': 'Government'}}, 'family': [], 'in_use': True, 'image': {'id': 1937, 'name': '[AUTO] Tianzhou - image', 'image_url': 'https://thespacedevs-dev.nyc3.digitaloceanspaces.com/media/images/tianzhou_image_20210513100807.jpg', 'thumbnail_url': 'https://thespacedevs-dev.nyc3.digitaloceanspaces.com/media/images/255bauto255d__image_thumbnail_20240305194204.jpeg', 'credit': None, 'license': {'id': 1, 'name': 'Unknown', 'priority': 9, 'link': None}, 'single_use': True, 'variants': []}}",
36,normal,474,https://lldev.thespacedevs.com/2.3.0/spacecraft/474/,Cargo Dragon C209,C209,False,"{'id': 1086, 'name': 'Cargo Dragon docking', 'image_url': 'https://thespacedevs-dev.nyc3.digitaloceanspaces.com/media/images/crs-28_dragon_d_image_20230530191602.jpeg', 'thumbnail_url': 'https://thespacedevs-dev.nyc3.digitaloceanspaces.com/media/images/255bauto255d__image_thumbnail_20240305191606.jpeg', 'credit': 'NASA', 'license': {'id': 4, 'name': 'NASA Image and Media Guidelines', 'priority': 0, 'link': 'https://www.nasa.gov/nasa-brand-center/images-and-media/'}, 'single_use': False, 'variants': []}",False,P208DT13H41M20S,P193DT7H13M23S,6,6,"{'id': 1, 'name': 'Active'}",Second Cargo Dragon 2,"{'response_mode': 'normal', 'id': 7, 'url': 'https://lldev.thespacedevs.com/2.3.0/spacecraft_configurations/7/', 'name': 'Cargo Dragon 2', 'type': {'id': 2, 'name': 'Capsule'}, 'agency': {'response_mode': 'list', 'id': 121, 'url': 'https://lldev.thespacedevs.com/2.3.0/agencies/121/', 'name': 'SpaceX', 'abbrev': 'SpX', 'type': {'id': 3, 'name': 'Commercial'}}, 'family': [{'response_mode': 'normal', 'id': 6, 'name': 'Dragon', 'description': 'Dragon is a family of spacecraft developed and produced by American private space transportation company SpaceX.', 'manufacturer': {'response_mode': 'list', 'id': 121, 'url': 'https://lldev.thespacedevs.com/2.3.0/agencies/121/', 'name': 'SpaceX', 'abbrev': 'SpX', 'type': {'id': 3, 'name': 'Commercial'}}, 'parent': None, 'maiden_flight': '2010-12-08'}, {'response_mode': 'normal', 'id': 7, 'name': 'Dragon 2', 'description': 'Dragon 2 is a family of spacecraft developed and produced by American private space transportation company SpaceX. It was redesigned for human spaceflight, and is capable of docking to the ISS.', 'manufacturer': {'response_mode': 'list', 'id': 121, 'url': 'https://lldev.thespacedevs.com/2.3.0/agencies/121/', 'name': 'SpaceX', 'abbrev': 'SpX', 'type': {'id': 3, 'name': 'Commercial'}}, 'parent': {'response_mode': 'list', 'id': 6, 'name': 'Dragon'}, 'maiden_flight': '2019-03-02'}], 'in_use': True, 'image': {'id': 1086, 'name': 'Cargo Dragon docking', 'image_url': 'https://thespacedevs-dev.nyc3.digitaloceanspaces.com/media/images/crs-28_dragon_d_image_20230530191602.jpeg', 'thumbnail_url': 'https://thespacedevs-dev.nyc3.digitaloceanspaces.com/media/images/255bauto255d__image_thumbnail_20240305191606.jpeg', 'credit': 'NASA', 'license': {'id': 4, 'name': 'NASA Image and Media Guidelines', 'priority': 0, 'link': 'https://www.nasa.gov/nasa-brand-center/images-and-media/'}, 'single_use': False, 'variants': []}}",P164DT6H38M8S
37,normal,630,https://lldev.thespacedevs.com/2.3.0/spacecraft/630/,Ship 40,S40,False,"{'id': 2438, 'name': 'Starship during stacking operations (Flight 10)', 'image_url': 'https://thespacedevs-dev.nyc3.digitaloceanspaces.com/media/images/starship_during_image_20250824175325.jpg', 'thumbnail_url': 'https://thespacedevs-dev.nyc3.digitaloceanspaces.com/media/images/starship_during_image_thumbnail_20250824175326.jpeg', 'credit': 'SpaceX', 'license': {'id': 1, 'name': 'Unknown', 'priority': 9, 'link': None}, 'single_use': True, 'variants': []}",False,P0D,P0D,0,0,"{'id': 1, 'name': 'Active'}","Second V3 Starship, to be used on the 13th Starship test flight.","{'response_mode': 'normal', 'id': 46, 'url': 'https://lldev.thespacedevs.com/2.3.0/spacecraft_configurations/46/', 'name': 'Starship V3', 'type': {'id': 6, 'name': 'Reuseable Upper Stage'}, 'agency': {'response_mode': 'list', 'id': 121, 'url': 'https://lldev.thespacedevs.com/2.3.0/agencies/121/', 'name': 'SpaceX', 'abbrev': 'SpX', 'type': {'id': 3, 'name': 'Commercial'}}, 'family': [{'response_mode': 'normal', 'id': 8, 'name': 'Starship', 'description': 'SpaceX Starship upper stages family', 'manufacturer': {'response_mode': 'list', 'id': 121, 'url': 'https://lldev.thespacedevs.com/2.3.0/agencies/121/', 'name': 'SpaceX', 'abbrev': 'SpX', 'type': {'id': 3, 'name': 'Commercial'}}, 'parent': None, 'maiden_flight': '2023-04-20'}], 'in_use': True, 'image': {'id': 2438, 'name': 'Starship during stacking operations (Flight 10)', 'image_url': 'https://thespacedevs-dev.nyc3.digitaloceanspaces.com/media/images/starship_during_image_20250824175325.jpg', 'thumbnail_url': 'https://thespacedevs-dev.nyc3.digitaloceanspaces.com/media/images/starship_during_image_thumbnail_20250824175326.jpeg', 'credit': 'SpaceX', 'license': {'id': 1, 'name': 'Unknown', 'priority': 9, 'link': None}, 'single_use': True, 'variants': []}}",
